,code,own,owner,year
0,SBER,50.0,Прочие,2022
1,SBER,50.0,Российская Федерация в лице Министерства финансов Российской Федерации,2022
2,ROSN,40.4,"АО ""РОСНЕФТЕГАЗ""",2023
3,ROSN,19.8,BP Russian Investments Limited,2023
4,ROSN,18.5,QH Oil Investments LLC,2023
5,ROSN,10.7,НКОАО «Национальный расчетный депозитарий»,2023
6,ROSN,9.6,ООО «РН-НефтьКапиталИнвест»,2023
7,ROSN,0.8,ООО «РН-Капитал»,2023
8,ROSN,0.2,Прочие,2023
9,LKOH,87.4,Депозитарии,2022
10,LKOH,6.7,Физические лица,2022
11,LKOH,5.9,Прочие,2022
12,NVTK,77.0,Прочие,2021
13,NVTK,14.4,SWGI Growth Fund Limited,2021
14,NVTK,7.3,ООО «ЛЕВИТ»,2021
15,NVTK,1.3,Новатэк Эквити Лимитед,2021
16,GAZP,43.1,Прочие,2023
17,GAZP,38.4,РФ в лице Федерального агентства по управлению государственным имуществом,2023
18,GAZP,11.0,АО «РОСНЕФТЕГАЗ»,2023
19,GAZP,6.6,Держатели АДР,2023
20,GAZP,0.9,АО «Росгазификация»,2023
21,SIBN,95.7,ПАО «Газпром»,2021
22,SIBN,3.8,Прочие,2021
23,SIBN,0.5,ООО «ГПН-Финанс»,2021
24,GMKN,37.0,Интеррос,2023
25,GMKN,36.6,Прочие,2023
26,GMKN,26.4,"МКПАО ""ЭН+ГРУП""",2023
27,PLZL,46.4,МКАО «Вандл Холдингс Лимитед»,2023
28,PLZL,30.0,ООО «Группа Акрополь»,2023
29,PLZL,23.6,Прочие,2023
30,SNGS,99.6,Прочие,2021
31,SNGS,0.4,Богданов Владимир Леонидович,2021
32,TATN,67.3,Прочие,2023
33,TATN,29.1,АО «Связьинвестнефтехим»,2023
34,TATN,3.1,Vamolero Holdings Co. Limited,2023
35,TATN,0.4,Colima Associated S.A. (Колима Ассошиэйтед С.А.),2023
36,TATN,0.1,АО «Национальный негосударственный пенсионный фонд»,2023
37,CHMF,77.0,А.Мордашов,2023
38,CHMF,23.0,Прочие,2023
39,NLMK,79.3,FLETCHER GROUP HOLDINGS LIMITED,2023
40,NLMK,20.7,Прочие,2023
41,YNDX,88.3,Прочие,2023
42,YNDX,8.5,LASTAR Trust,2023
43,YNDX,3.2,"Другие директора, должностные лица и сотрудники",2023
44,TRNFP,78.6,РФ в лице Росимущества,2023
45,TRNFP,20.9,"""Национальный расчетный депозитарий""",2023
46,TRNFP,0.5,Прочие,2023
47,VTBR,60.9,Росимущество,2021
48,VTBR,39.1,Прочие,2021
49,OZON,40.4,Прочие,2022
50,OZON,31.8,Sistema,2022
51,OZON,27.8,Baring Vostok Private Equity Funds,2022
52,PHOR,35.7,Прочие,2023
53,PHOR,23.4,МКООО «АДОРАБЕЛЛА»,2023
54,PHOR,20.6,Литвиненко Т.П.,2023
55,PHOR,20.3,МКООО «ХЛОДВИГ ЭНТЕРПРАЙЗЕС»,2023
56,MGNT,43.6,Прочие,2023
57,MGNT,29.7,ООО «Магнит Альянс»,2023
58,MGNT,26.7,ООО «Марафон Ритейл»,2023
59,IRKT,87.0,"ПАО ""ОАК""",2018
60,IRKT,8.7,"ПАО Компания ""Сухой""",2018
61,IRKT,4.3,Прочие,2018
62,FIVE,47.9,CTF Holdings S.A.,2022
63,FIVE,40.6,Акционеры с владением меньше 3%​,2022
64,FIVE,11.4,Intertrust Trustees Ltd (Axon Trust),2022
65,FIVE,0.1,Прочие,2022
66,RUAL,56.9,En+,2023
67,RUAL,25.5,SUAL Partners,2023
68,RUAL,17.6,Прочие,2023
69,UNAC,92.3,Росимущество,2018
70,UNAC,7.7,Прочие,2018
71,MTSS,42.2,Прочие,2022
72,MTSS,42.1,ПАО АФК «Система»,2022
73,MTSS,9.1,ООО «Бастион»,2022
74,MTSS,4.4,ООО «Стрим Диджитал»,2022
75,MTSS,1.9,ПАО «МТС»,2022
76,MTSS,0.3,ПАО МГТС,2022
77,MAGN,79.8,Виктор Рашников,2022
78,MAGN,20.2,Прочие,2022
79,AKRN,34.2,«Редбрик Инвестментс С.а.р.л.»,2023
80,AKRN,17.7,АО «Позитив Инвестментс энд Менеджмент»,2023
81,AKRN,16.1,АО «Гринферт»,2023
82,AKRN,16.0,АО «Деметра»,2023
83,AKRN,10.9,АО «Акрон Групп»,2023
84,AKRN,2.8,НКО АО «Национальный расчетный депозитарий»,2023
85,AKRN,2.3,Прочие,2023
86,TCSG,64.9,Прочие,2023
87,TCSG,35.1,Интерроса,2023
88,ALRS,34.0,Прочие,2022
89,ALRS,33.0,Федеральное агентство по управлению государственным имуществом,2022
90,ALRS,25.0,Министерство имущественных и земельных отношений Республики Саха (Якутия),2022
91,ALRS,8.0,Администрации районов (улусов) Республики Саха (Якутия),2022
92,BANE,57.7,ПАО «НК «Роснефть»,2022
93,BANE,25.0,Республика Башкортостан в лице Министерства земельных и имущественных отношений РБ,2022
94,BANE,9.2,НКОАО «Национальный расчетный депозитарий»,2022
95,BANE,4.4,"Акции, находящиеся в распоряжении подконтрольных ПАО АНК «Башнефть»",2022
96,BANE,3.7,Прочие,2022
97,PIKK,81.3,Прочие,2022
98,PIKK,18.7,Банк ВТБ,2022
99,MOEX,54.1,Прочие,2023
100,MOEX,11.7,Центральный банк Российской Федерации,2023
101,MOEX,10.0,ПАО Сбербанк,2023
102,MOEX,8.4,Государственная корпорация развития «ВЭБ.РФ»,2023
103,MOEX,5.3,State Street Bank & Trust Company,2023
104,MOEX,5.3,Европейский банк реконструкции и развития,2023
105,MOEX,5.2,"The Capital Group Companies, Inc.",2023
106,VSMO,65.3,"ООО ""Промышленные Инвестиции""",2022
107,VSMO,25.0,"ООО ""РТ-РАЗВИТИЕ БИЗНЕСА""",2022
108,VSMO,7.6,Прочие,2022
109,VSMO,1.2,Шелков Михаил Евгеньевич,2022
110,VSMO,0.9,Общество с ограниченной ответственностью “Авитранс”,2022
111,IRAO,34.2,Прочие,2021
112,IRAO,29.6,Группа Интер РАО Капитал,2021
113,IRAO,27.6,Группа «РОСНЕФТЕГАЗ»,2021
114,IRAO,8.6,ПАО «ФСК ЕЭС»,2021
115,RTKM,38.2,Росимущество,2021
116,RTKM,32.4,Прочие,2021
117,RTKM,21.0,АО «Телеком Инвестиции»,2021
118,RTKM,8.4,Банк ВТБ (ПАО),2021
119,HYDR,62.2,РФ в лице Федерального Агентства по управлению государственным имуществом,2023
120,HYDR,15.8,Прочие,2023
121,HYDR,12.4,Банк ВТБ (ПАО),2023
122,HYDR,9.6,"Группа МКПАО ""ЭН+ГРУП""",2023
123,FLOT,82.8,Российская Федерация,2022
124,FLOT,17.2,Прочие,2022
125,ENPG,78.6,Прочие,2023
126,ENPG,21.4,ООО Специализированное финансовое общество «Стандарт-3»,2023
127,FEES,75.0,Российская Федерация в лице Федерального агентства по управлению государственным имуществом,2022
128,FEES,18.0,Прочие,2022
129,FEES,6.0,Казначейские акции,2022
130,FEES,1.0,"ООО ""ФСК-Управление активами""",2022
131,RASP,90.9,Евраз плс (EVRAZ plc),2021
132,RASP,9.1,Прочие,2021
133,FIXP,35.7,"Юридические лица, контролируемые  Атрёмом Хачатряном",2021
134,FIXP,35.4,"Юридические лица, контролируемые Сергеем Ломакиным",2021
135,FIXP,27.0,Прочие,2021
136,FIXP,1.9,Менеджмент,2021
137,HHRU,59.4,Прочие,2022
138,HHRU,31.9,Elbrus Capital,2022
139,HHRU,8.7,Goldman Sachs Group,2022
140,CBOM,55.4,ООО «Концерн «РОССИУМ»,2021
141,CBOM,32.1,Прочие,2021
142,CBOM,6.7,АО «УК «РЕГИОНФИН АНСРЕСУРС»,2021
143,CBOM,5.8,ООО «ИК Алгоритм»,2021
144,FESH,50.0,Прочие,2022
145,FESH,25.0,ENVIARTIA CONSULTING LTD,2022
146,FESH,25.0,SMARTILICIOUS CONSULTING LTD,2022
147,AFKS,49.2,Евтушенков Владимир Петрович,2022
148,AFKS,32.2,Прочие,2022
149,AFKS,18.6,"ГДР во владении компаний Группы АФК «Система», членов Совета директоров и менеджмента ПАО АФК «Систе",2022
150,NMTP,60.6,ПАО «Транснефть»,2021
151,NMTP,38.0,Прочие,2021
152,NMTP,1.4,ООО «НМТП-Капитал»,2021
153,TRMK,90.6,TMK Steel Holding Limited,2022
154,TRMK,9.4,Прочие,2022
155,SMLT,31.6,Кенин Михаил Борисович,2023
156,SMLT,26.9,Прочие,2023
157,SMLT,26.4,Голубков Павел Аркадьевич,2023
158,SMLT,5.9,Евтушевский Игорь Викторович,2023
159,SMLT,4.4,ООО  «Самолет-Резерв»,2023
160,SMLT,2.5,Елистратов Антон Николаевич,2023
161,SMLT,2.3,Голубков Дмитрий Аркадьевич,2023
162,AGRO,49.0,"Granada Capital CY Limited, контролируемая Семьей Мошковича",2022
163,AGRO,26.2,Прочие,2022
164,AGRO,10.0,Максим Воробьев,2022
165,AGRO,7.6,Максим Басов,2022
166,AGRO,7.2,Юрий Журавлев,2022
167,LSNG,67.5,"ПАО ""Россети""",2022
168,LSNG,28.8,г. Санкт-Петербург в лице КИО,2022
169,LSNG,1.8,Прочие,2022
170,LSNG,1.2,ОАО «МРСК Урала»,2022
171,LSNG,0.7,"ООО ""ЭНЕРГОТРАНС""",2022
172,KZOS,51.6,"Общество с ограниченной ответственностью Банк ""Аверс""",2021
173,KZOS,18.2,"Небанковская кредитная организация акционерное общество ""Национальный расчетный депозитарий""",2021
174,KZOS,10.6,"Акционерное общество ""Центральный депозитарий Республики Татарстан""",2021
175,KZOS,9.3,Акционерное общество «Связьинвестнефтехим» *,2021
176,KZOS,7.8,Прочие,2021
177,KZOS,2.5,Общество с ограниченной ответственностью «Телеком-Менеджмент» *,2021
178,GCHE,27.4,Прочие,2021
179,GCHE,27.4,Михайлов Сергей Игоревич,2021
180,GCHE,27.4,Михайлов Евгений Игоревич,2021
181,GCHE,15.0,Михайлова Лидия Ильинична,2021
182,GCHE,2.8,Общество с ограниченной ответственностью «Агропромышленный комплекс «Михайловский»,2021
183,AFLT,73.8,РФ в лице Министерства финансов Российской Федерации,2023
184,AFLT,26.2,Прочие,2023
185,ROSB,99.9,Societe Generale S.A.,2021
186,ROSB,0.1,Прочие,2021
187,UGLD,99.9,Струков Константин Иванович,2023
188,UGLD,0.1,Прочие,2023
189,POSI,51.9,Максимов Юрий,2022
190,POSI,32.5,Прочие,2022
191,POSI,7.9,Киреев Евгений,2022
192,POSI,7.7,Максимов Дмитрий,2022
193,NKNC,78.1,"ООО ""Управление активами""",2022
194,NKNC,21.9,Прочие,2022
195,UWGN,72.2,Прочие,2021
196,UWGN,27.8,Публичное акционерное общество Национальный банк «ТРАСТ»,2021
197,SFIN,34.3, ВЕРИДЖ ИНВЕСТМЕНТС ЛИМИТЕД,2021
198,SFIN,19.9,БАРИГТОН ХОЛДИНГС ЛИМИТЕД,2021
199,SFIN,18.6,ЛЭНБУРИ ТРЕЙДИНГ ЛИМИТЕД,2021
200,SFIN,12.4,Прочие,2021
201,SFIN,10.0,АО «Даглис»,2021
202,SFIN,3.0,Страховое акционерное общество «ВСК»,2021
203,SFIN,1.8,ООО «Управление технологий и инноваций»,2021
204,PAX,7.26,Capital Research Global Investors,2024
205,PAX,3.94,American Funds Capital Income Bldr A,2024
206,PAX,3.93,American Funds SMALLCAP World A,2024
207,PAX,3.71,FMR Inc,2024
208,PAX,2.67,Wellington Management Company LLP,2024
209,PAX,2.61,"Grandeur Peak Global Advisors, LLC",2024
210,PAX,2.29,BlackRock Inc,2024
211,PAX,1.99,Capital Research & Mgmt Co - Division 3,2024
212,PAX,1.51,"Samlyn Capital, LLC",2024
213,PAX,1.42,Pertento Partners LLP,2024
214,PAX,1.39,American Century Companies Inc,2024
215,PAX,0.98,HHG PLC,2024
216,PAX,0.92,iShares Russell 2000 ETF,2024
217,PAX,0.91,Janus Henderson Contrarian D,2024
218,PAX,0.91,Janus Henderson US Opportunistic Alpha,2024
219,PAX,0.89,American Century Small Cap Value Inv,2024
220,PAX,0.89,American Century U.S. Small Cap Value,2024
221,PAX,0.85,VA CollegeAmerica Dev World G/I 529A,2024
222,PAX,0.74,Grandeur Peak Intl Stalwarts Instl,2024
223,PAX,0.68,"William Blair Investment Management, LLC",2024
224,PAX,0.61,Adage Capital Partners Gp LLC,2024
225,PAX,0.6,Capital International Inc /ca/,2024
226,PAX,0.56,State Street Corporation,2024
227,PAX,0.53,Fidelity Advisor Small Cap I,2024
228,PAX,0.52,FIAM Small Cap Core CIT Cl B,2024
229,PAX,0.52,FIAM Small Cap Core Composite,2024
230,PAX,0.51,Fidelity International Ltd,2024
231,POLY,62.0,Институциональные и частные инвесторы,2023
232,POLY,23.9,Mercury Investments International LLC,2023
233,POLY,9.9,BlackRock,2023
234,POLY,3.3,Fodina B.V.,2023
235,POLY,0.9,Прочие,2023
236,BSPB,34.6,Прочие,2021
237,BSPB,26.8,ООО «Управляющая компания «Верные друзья»,2021
238,BSPB,26.2,Савельев Александр Васильевич,2021
239,BSPB,5.0,THE EUROPEAN BANK FOR RECONSTRUCTION AND DEVELOPMENT,2021
240,BSPB,4.0,East Capital Group,2021
241,BSPB,2.8,"Собственные акции, приобретенные Банком ",2021
242,BSPB,0.6,Иванникова Елена Викторовна,2021
243,MGTS,99.2,ПАО «МТС»,2022
244,MGTS,0.8,Прочие,2022
245,RGSS,99.6,"ПАО БАНК ""ФК ОТКРЫТИЕ""",2021
246,RGSS,0.4,Прочие,2021
247,KAZT,55.7,Прочие,2023
248,KAZT,27.8,ООО «Куйбышевазот-плюс»,2023
249,KAZT,3.9,Герасименко Виктор Иванович,2023
250,KAZT,3.5,ООО «Тольяттихиминвест»,2023
251,KAZT,2.4,Шульженко Юрий Григорьевич,2023
252,KAZT,2.3,Огарков Анатолий Аркадьевич,2023
253,KAZT,0.9,Бобровский Сергей Викторович,2023
254,KAZT,0.5,Герасименко Татьяна Викторовна,2023
255,KAZT,0.4,Былинин Андрей Николаевич,2023
256,KAZT,0.4,Герасименко Наталья Викторовна,2023
257,KAZT,0.4,Герасименко Владимир Викторович,2023
258,KAZT,0.4,Герасименко Александр Викторович,2023
259,KAZT,0.3,Кудрявцев Виктор Петрович,2023
260,KAZT,0.3,Рыбкин Дмитрий Васильевич,2023
261,KAZT,0.3,Ардамаков Сергей Витальевич,2023
262,KAZT,0.2,Аникушин Сергей Александрович,2023
263,KAZT,0.1,Пазов Николай Викторович,2023
264,KAZT,0.1,Рачин Константин Геннадьевич,2023
265,KAZT,0.1,Жабина Александра Александровна,2023
266,GLTR,56.3,Прочие,2023
267,GLTR,26.2,AQNIET Capital LLP,2023
268,GLTR,11.5,Marigold Investments Ltd,2023
269,GLTR,5.1,Litten Investments Ltd,2023
270,GLTR,0.9,Transportation Investments Management Ltd,2023
271,MTLR,70.9,Прочие,2022
272,MTLR,26.5,Зюзин Игорь Владимирович,2022
273,MTLR,2.6,АОХК «Якутуголь»,2022
274,UPRO,83.7,Юнипер СЕ,2023
275,UPRO,16.3,Прочие,2023
276,LENT,78.0,"ООО ""Севергрупп""",2022
277,LENT,21.1,Прочие,2022
278,LENT,0.9,"ООО ""Лента""",2022
279,MSNG,53.9,"ООО ""Газпром энергохолдинг""",2022
280,MSNG,26.5,Департамент городского имущества г.Москвы,2022
281,MSNG,19.6,Прочие,2022
282,ASTR,95.2,Прочие,2023
283,ASTR,4.8,ООО «Астра Инвестиции»,2023
284,VKCO,53.0,Прочие,2022
285,VKCO,25.7,Prosus,2022
286,VKCO,9.5,Alibaba,2022
287,VKCO,7.0,Tencent,2022
288,VKCO,4.8,MFT,2022
289,KMAZ,47.1,Государственная корпорация «Ростех»,2022
290,KMAZ,23.5,ООО «Автоинвест»,2022
291,KMAZ,15.0,Daimler Truck AG,2022
292,KMAZ,14.4,Прочие,2022
293,UTAR,50.5,"АО ""АК-ИНВЕСТ""",2021
294,UTAR,25.1,Прочие,2021
295,UTAR,24.4,Акционерное общество «ЮТэйр-Инжиниринг»,2021
296,KUBE,100.0,Прочие,2023
297,APTK,99.7,Прочие,2023
298,APTK,0.3,ООО «АПТЕКА-А.в.е»,2023
299,LSRG,65.1,Молчанов Андрей Юрьевич,2023
300,LSRG,25.3,Прочие,2023
301,LSRG,2.8,ООО «ЛСР. Управляющая компания»,2023
302,LSRG,1.0,Левит Игорь Михайлович,2023
303,LSRG,1.0,Молчанов Егор Андреевич,2023
304,LSRG,1.0,Кутузов Дмитрий Владимирович,2023
305,LSRG,1.0,Мавлияров Хамит Давлетярович,2023
306,LSRG,0.7,Кострица Василий Максимович,2023
307,LSRG,0.6,Романов Иван Леонидович,2023
308,LSRG,0.5,Крицкий Владимир Павлович,2023
309,LSRG,0.5,Сорокко Леонид Михайлович,2023
310,LSRG,0.5,Волчецкая Галина Александровна,2023
311,BELU,40.9,Прочие,2023
312,BELU,35.4,АО «Ориент- Запад»,2023
313,BELU,12.7,АО «Синергия капитал»,2023
314,BELU,6.6,ООО «Синергия Маркет»,2023
315,BELU,2.7,Компания «ТОТТЕНВЕЛЛ ЛИМИТЕД»,2023
316,BELU,0.7,Белокопытов Николай Владимирович,2023
317,BELU,0.6,АО «Винлаб»,2023
318,BELU,0.4,Ерохин Дмитрий Викторович,2023
319,VJGZ,98.8,"ООО ""ННК-Холдинг""",2021
320,VJGZ,1.2,Прочие,2021
321,USBN,81.8,Коган Людмила Валентиновна,2021
322,USBN,11.3,Цветков Николай Александрович,2021
323,USBN,6.4,Прочие,2021
324,USBN,0.5,Петров Петр Пламенов,2021
325,MDMG,67.9,Марк Курцер,2023
326,MDMG,32.1,Прочие,2023
327,GEMC,27.4,Прочие,2024
328,GEMC,24.2,Шмелев Дмитрий Сергеевич (ООО «Каскад»)  ,2024
329,GEMC,24.2,Яновский Андрей Владимирович (ООО «Ресурс» ),2024
330,GEMC,24.2,Миклуха Светлана Александровна (ООО «Эталон»),2024
331,YAKG,45.0,ООО «А-ТЭК»,2023
332,YAKG,25.0,"ООО ""ТрастЮнион Эссет Менеджмент""",2023
333,YAKG,20.2,"ООО ""А-Проперти""",2023
334,YAKG,9.8,Прочие,2023
335,AQUA,54.8,Прочие,2023
336,AQUA,25.0,"ООО ""Управляющая компания ""Свиньин и Партнеры""",2023
337,AQUA,17.2,"Акционерное общество ""ИГС Инвест""",2023
338,AQUA,2.1,Соснов Илья Геннадьевич,2023
339,AQUA,0.7,"ООО ""ИНАРКТИКА Северо-Запад""",2023
340,AQUA,0.1,Киташин Юрий Юрьевич,2023
341,AQUA,0.1,Мироненко Григорий Александрович,2023
342,AVAN,99.3,ООО «АЛЬКОР ХОЛДИНГ ГРУПП»,2023
343,AVAN,0.5,Прочие,2023
344,AVAN,0.2,Миновалов Кирилл Вадимович,2023
345,MRKS,78.8,Прочие,2023
346,MRKS,21.2,Эрглис Лимитед,2023
347,INGR,51.7,ООО «Концерн «РОССИУМ»,2023
348,INGR,48.3,Прочие,2023
349,SELG,50.6,"ООО ""Максимус""",2023
350,SELG,36.6,Прочие,2023
351,SELG,7.1,Бейрит Константин Александрович,2023
352,SELG,5.7,Татаринов Сергей Михайлович,2023
353,NKHP,51.0,"АО ""Объединенная зерновая компания""",2023
354,NKHP,35.4,"ООО ""Деметра-Холдинг""",2023
355,NKHP,13.6,Прочие,2023
356,MSRS,50.9,"ПАО ""Россети""",2022
357,MSRS,17.6,"ЗАО ""ЛИДЕР"" Д.У. НПФ ""ГАЗФОНД""",2022
358,MSRS,10.4,Прочие,2022
359,MSRS,9.8,Банк ГПБ,2022
360,MSRS,6.2,"ООО ""УК ""АГАНА""",2022
361,MSRS,5.1,"АО ""ОЭК-Финанс""",2022
362,CIAN,93.7,Прочие,2021
363,CIAN,6.3,Maksim Melnikov,2021
364,MFGS,69.1,ПАО «Нефтегазовая компания «Славнефть»,2023
365,MFGS,30.9,Прочие,2023
366,OGKB,73.4,ПАО «ЦЕНТРЭНЕРГО- ХОЛДИНГ» ,2022
367,OGKB,19.1,Прочие,2022
368,OGKB,7.5,ООО «Газпром энергохолдинг» ,2022
369,MSTT,94.2,"АО ""ТФК-Финанс""",2021
370,MSTT,5.8,Прочие,2021
371,RENI,61.7,Прочие,2022
372,RENI,38.3,ООО «Холдинг Ренессанс Страхование»,2022
373,RNFT,31.3,RAMBERO HOLDING AG ,2023
374,RNFT,24.5,Прочие,2023
375,RNFT,16.1,МК ООО «БРЭДИНАР»,2023
376,RNFT,11.2,ПАО «ЭсЭфАй»,2023
377,RNFT,10.3,ЗАО «Млада» ,2023
378,RNFT,6.6,ОАО ИК «Надежность» ,2023
379,OMZZP,99.5,Акционерное общество «Газпромбанк - Управление активами»,2021
380,OMZZP,0.5,Общество с ограниченной ответственностью «Интер Капитал»,2021
381,OMZZP,0.0,Прочие,2021
382,SGZH,61.6,ООО «Система Телеком Активы»,2022
383,SGZH,37.9,Прочие,2022
384,SGZH,0.5,ПАО «Акционерная Финансовая Корпорация «Система»,2022
385,DVEC,51.0,АО «РАО Энергетические системы Востока»,2023
386,DVEC,42.4,АО «Дальневосточная генерирующая компания»,2023
387,DVEC,5.6,Прочие,2023
388,DVEC,1.0,ПАО «Федеральная гидрогенерирующая компания – РусГидро»,2023
389,PERI,4.08,Migdal Insurance & Financial Holdings Ltd,2023
390,PERI,3.84,Acadian Asset Management LLC,2023
391,PERI,3.42,Harel Insurance Invests & Fin Srvcs Ltd,2023
392,PERI,3.28,Renaissance Technologies Corp,2023
393,PERI,3.22,"Private Capital Management, LLC",2023
394,PERI,3.14,Meitav Dash Investments Ltd,2023
395,PERI,2.81,Vanguard Group Inc,2023
396,PERI,2.69,Victory Capital Management Inc.,2023
397,PERI,2.35,Clal Insurance Enterprises Holdings Ltd,2023
398,PERI,1.57,Driehaus Capital Management LLC,2023
399,PERI,1.53,Victory Trivalent International Sm-Cp I,2023
400,PERI,1.49,"Congress Asset Management Company, LLP",2023
401,PERI,1.18,Vanguard Total Intl Stock Index Inv,2023
402,PERI,0.92,"Portolan Capital Management, LLC",2023
403,PERI,0.9,Arrowstreet Capital Limited Partnership,2023
404,PERI,0.88,G2 Investment Partners Management LLC,2023
405,PERI,0.85,Systematic Financial Management LP,2023
406,PERI,0.85,Congress Small Cap Growth Institutional,2023
407,PERI,0.85,"SUMMIT PARTNERS PUBLIC ASSET MANAGEMENT, LLC",2023
408,PERI,0.82,Oberweis Asset Management Inc,2023
409,PERI,0.71,Vanguard Developed Markets Index Admiral,2023
410,PERI,0.64,Artemis Investment Management LLP,2023
411,PERI,0.64,Heptagon Driehaus US Micro Cap Eq C$ Acc,2023
412,PERI,0.6,Acadian Non-US Small-Cap Developed Eqty,2023
413,PERI,0.58,Altshuler Shaham Ltd,2023
414,PERI,0.56,Private Capital Management Value Focus,2023
415,PERI,0.56,Kranot Hishtalmut Le Morim Ve Gananot Havera Menahelet LTD,2023
416,PERI,0.54,Vanguard Instl Ttl Intl Stk Mkt Idx TrII,2023
417,UKUZ,99.0,АО «Мечел-Майнинг»,2023
418,UKUZ,1.0,Прочие,2023
419,DELI,100.0,"АО ""Делимобиль Холдинг С.А,""",2023
420,DELI,0.0,Прочие,2023
421,MRKK,98.5,Прочие,2023
422,MRKK,1.3,ПАО «Россети Ленэнерго»,2023
423,MRKK,0.2,АО «Россети Янтарь»,2023
424,RKKE,60.7,"Госкорпорация ""Роскосмос""",2023
425,RKKE,23.8,"АО ""ОРКК""",2023
426,RKKE,15.5,Прочие,2023
427,MRKU,100.0,Прочие,2023
428,SOFL,56.0,ООО «Аталайя»,2023
429,SOFL,30.4,Прочие,2023
430,SOFL,13.6,"ООО ""Софтлайн проекты"" ",2023
431,TNSE,43.8,Прочие,2023
432,TNSE,28.3,Sunflake Limited,2023
433,TNSE,16.6,ООО «ТНС энерго Пенза»,2023
434,TNSE,7.0,ООО «ГАРАНТ ЭНЕРГО»,2023
435,TNSE,3.7,ПАО «ТНС энерго Ростов-на-Дону»,2023
436,TNSE,0.6,ПАО «ТНС энерго Нижний Новгород»,2023
437,KCHE,85.1,"АО ""РАО ЭС Востока""",2023
438,KCHE,13.9,ПАО «РусГидро»,2023
439,KCHE,1.0,Прочие,2023
440,RTSB,55.4,"ПАО ГК ""ТНС энерго""",2023
441,RTSB,18.3,"ПАО ""ТНС энерго Воронеж""",2023
442,RTSB,12.9,"ПАО ""ТНС энерго Кубань""",2023
443,RTSB,6.8,"ООО ""ТНС энерго Пенза""",2023
444,RTSB,3.4,"ПАО ""ТНС энерго Марий Эл""",2023
445,RTSB,2.2,Прочие,2023
446,RTSB,1.0,ПАО «ТНС энерго Ярославль»,2023
447,MRKP,50.4,ПАО «Россети»,2022
448,MRKP,49.6,Прочие,2022
449,VRSB,92.9,"ПАО ГК ""ТНС энерго""",2023
450,VRSB,2.9,ПАО  «ТНС энерго Нижний Новгород»,2023
451,VRSB,2.6,Прочие,2023
452,VRSB,1.6,ПАО «ТНС энерго Ростов-на-Дону»,2023
453,ETLN,48.8,"АФК ""Система""",2022
454,ETLN,35.8,Прочие,2022
455,ETLN,6.3,Mubadala Investment Company,2022
456,ETLN,5.0,Kopernik Global Investors,2022
457,ETLN,4.1,Prosperity Capital,2022
458,TGKA,51.8,ООО «Газпром энергохолдинг»,2022
459,TGKA,29.5,Fortum Power and Heat Oy,2022
460,TGKA,16.1,НКО АО НРД,2022
461,TGKA,2.5,Физические лица,2022
462,TGKA,0.1,Прочие,2022
463,MVID,50.0,Международная компания ООО «ЭРИКАРИЯ»,2023
464,MVID,38.8,Прочие,2023
465,MVID,10.4,"Публичное акционерное общество ""ЭсЭфАй""",2023
466,MVID,0.8,Общество с ограниченной ответственностью «МВМ»,2023
467,EUTR,45.3,Мартышов Игорь Юрьевич,2023
468,EUTR,30.1,Прочие,2023
469,EUTR,10.5,Алексеенков Сергей Олегович,2023
470,EUTR,10.4,Дорошенко Николай Николаевич,2023
471,EUTR,3.5,Алексеенков Олег Олегович,2023
472,EUTR,0.2,"ООО ""Вектор""",2023
473,ROLO,85.1,"ПАО ""Селигдар""",2023
474,ROLO,14.9,Прочие,2023
475,VSYD,96.7,"АО ""Объединенная судостроительная корпорация""",2021
476,VSYD,3.3,Прочие,2021
477,WUSH,39.2,Чуйко Дмитрий Владимирович,2023
478,WUSH,33.6,Прочие,2023
479,WUSH,10.8,Баяндин Егор Александрович,2023
480,WUSH,9.3,Лаврентьев Сергей Владимирович,2023
481,WUSH,4.1,Журавлёв Олег Александрович,2023
482,WUSH,3.0,Зальцман Евгений Ефимович,2023
483,AMEZ,91.3,Прочие,2022
484,AMEZ,5.8,Саломахин Александр Николаевич,2022
485,AMEZ,2.9,"ООО ""Дата Форум",2022
486,DSKY,60.2,АО «ДМ-финансовые активы»,2023
487,DSKY,39.8,Прочие,2023
488,BLNG,95.3,MMK-Mining Assets Management S.A.,2021
489,BLNG,2.9,Публичное акционерное общество «Магнитогорский металлургический комбинат»,2021
490,BLNG,1.8,Прочие,2021
491,JNOS,51.5,ПАО «Нефтегазовая компания «Славнефть»,2023
492,JNOS,23.6,TOC Investments Corporation Limited,2023
493,JNOS,23.1,ООО «ГПН-Инвест»,2023
494,JNOS,1.8,Прочие,2023
495,SVAV,77.6,"ООО ""Альтер Инвест""",2023
496,SVAV,22.0,Прочие,2023
497,SVAV,0.4,Соболев Николай Александрович,2023
498,GTRK,75.1,ООО «МОНОПОЛИЯ Инвестмент»,2023
499,GTRK,21.4,Прочие,2023
500,GTRK,3.5,ООО «Глобалтрак Лоджистик»,2023
501,ABRD,58.0,Зарицкая Елена Александровна,2023
502,ABRD,33.1,Титов Павел Борисович,2023
503,ABRD,8.9,Прочие,2023
504,CHMK,91.9,"ПАО ""Мечел""",2022
505,CHMK,6.4,Прочие,2022
506,CHMK,1.7,"ПАО  ""Угольная компания ""Южный Кузбасс""",2022
507,KROT,72.8,АО«Холдинговая компания «Объединенные кондитеры»,2023
508,KROT,23.3,АО «ПРОД-ИНВЕСТ»,2023
509,KROT,3.9,Прочие,2023
510,MRKC,50.2,ПАО «Россети»,2022
511,MRKC,33.8,Прочие,2022
512,MRKC,16.0,New Russian Generation Limited,2022
513,TTLK,87.2,АО «Связьинвестнефтехим»,2023
514,TTLK,10.6,Прочие,2023
515,TTLK,2.2,"ООО ""Твои мобильные технологии""",2023
516,NNSB,97.1,ПАО  «ТНС энерго»,2023
517,NNSB,1.9,Прочие,2023
518,NNSB,1.0,ПАО «ТНС энерго Воронеж»,2023
519,ELFV,56.4,ЭПАО «Лукойл»,2022
520,ELFV,30.7,Прочие,2022
521,ELFV,7.4,UROC Limited,2022
522,ELFV,5.5,ООО «ППИТ-7»,2022
523,YRSB,66.4,"ПАО ГК ""ТНС энерго""",2023
524,YRSB,21.8,"ПАО ""ТНС энерго Ростов-на-Дону""",2023
525,YRSB,7.4,"ПАО ""ТНС энерго НН""",2023
526,YRSB,2.0,Прочие,2023
527,YRSB,1.3,"ПАО ""ТНС энерго Кубань""",2023
528,YRSB,1.1,"ПАО ""ТНС энерго Воронеж""",2023
529,TGKN,93.2,АО «Дальневосточная управляющая компания»,2023
530,TGKN,6.8,Прочие,2023
531,PAZA,93.8,"ПАО ""ГАЗ""",2018
532,PAZA,6.2,Прочие,2018
533,LPSB,91.0,ЗЕФАВЕЛ ТРЕЙДИНГ ЛИМИТЕД,2023
534,LPSB,9.0,Прочие,2023
535,WTCM,55.0,ТПП РФ,2023
536,WTCM,29.1,Прочие,2023
537,WTCM,15.9,ООО «Совинцентр-2»,2023
538,TGKB,59.8,РФ в лице Федерального агентства по управлению государственным имуществом (Росимущество),2023
539,TGKB,23.6,KOSTROMA KOGENERATSIYA LIMITED,2023
540,TGKB,16.6,Прочие,2023
541,LNZL,94.8,"АО ""Полюс Красноярск""",2022
542,LNZL,5.2,Прочие,2022
543,BRZL,82.8,High River Gold Mines Ltd.,2022
544,BRZL,9.7,NORD GOLD SE,2022
545,BRZL,7.5,Прочие,2022
546,SAGO,67.5,Аветисян Владимир Евгеньевич,2023
547,SAGO,32.5,Прочие,2023
548,URKZ,90.0,ПАО «Мечел»,2022
549,URKZ,10.0,Прочие,2022
550,CHKZ,80.0,Гартунг Марина Вениаминовна,2023
551,CHKZ,17.5,Гартунг Андрей Валерьевич,2023
552,CHKZ,2.5,Прочие,2023
553,GAZA,65.6,"ООО ""Русские машины""",2018
554,GAZA,17.5,"ООО ""Инвесттех""",2018
555,GAZA,16.9,Прочие,2018
556,KRSB,66.3,АО «ЭСК РусГидро»,2023
557,KRSB,25.3,"АО ""Красноярская ГЭС""",2023
558,KRSB,8.4,Прочие,2023
559,MRKY,84.2,"ПАО ""Федеральная сетевая компания - Россети"" ",2023
560,MRKY,14.9,"НКО АО ""Национальный расчетный депозитарий"" ",2023
561,MRKY,0.9,Прочие,2023
562,PMSB,44.2,Киташев Андрей Владимирович,2023
563,PMSB,31.7,"ООО ""Сбытовой холдинг""",2023
564,PMSB,11.9,Прочие,2023
565,PMSB,7.7,Леньков Роман Николаевич,2023
566,PMSB,4.0,Елов Андрей Альфредович,2023
567,PMSB,0.5,Шелеманов Александр Сергеевич,2023
568,MRKV,68.5,"ПАО ""Россети""",2023
569,MRKV,20.1,Прочие,2023
570,MRKV,11.4,Energyo solutions Russia limited,2023
571,QIWI,66.6,Sergey Solonin,2021
572,QIWI,19.7,Прочие,2021
573,QIWI,13.7,Public Joint-Stock Company «Otkritie Bank Financial Corporation»,2021
574,RUSI,40.7,Прочие,2023
575,RUSI,19.9,"ООО ""Компания ""ПАРАГОН""",2023
576,RUSI,19.4,"ООО ""ИНБРОКО""",2023
577,RUSI,19.4,"ООО ""КАСТОДИАН""",2023
578,RUSI,0.2,"ООО ""НОВОДЕВИЧИЙ"" ",2023
579,RUSI,0.2,"ООО ""РУСС-ИНВЕСТ БРОКЕР""",2023
580,RUSI,0.2,Бычков Александр Петрович,2023
581,SPBE,85.8,Прочие,2021
582,SPBE,6.9,Горюнов Роман Юрьевич,2021
583,SPBE,3.4,Ассоциация участников финансового рынка «Некоммерческое партнерство развития финансового рынка РТС»,2021
584,SPBE,2.5,Акционерное общество «Восход»,2021
585,SPBE,0.8,Дер Мегредичан Жак,2021
586,SPBE,0.6,Сердюков Евгений Владимирович,2021
587,KOGK,90.0,"АО ""Мечел-Майнинг""",2022
588,KOGK,10.0,Прочие,2022
589,KRKN,91.1,ООО  «РН-Коммерция»,2021
590,KRKN,8.9,Прочие,2021
591,IGST,90.0,"ПАО ""Мечел""",2022
592,IGST,10.0,Прочие,2022
593,KRKO,80.9,Общество с ограниченной ответственностью «НордЭнергоГрупп»,2021
594,KRKO,19.1,Акционерное общество «ЭнергоМашиностроительный Альянс»,2021
595,KRKO,0.0,Прочие,2021
596,MISB,85.3,ПАО Группа компаний «ТНС энерго»,2023
597,MISB,9.1,ПАО «ТНС энерго Воронеж»,2023
598,MISB,4.9,Прочие,2023
599,MISB,0.7,ПАО «ТНС энерго Нижний Новгород»,2023
600,PRMB,54.2,Белоброва Лариса Дмитриевна,2022
601,PRMB,45.8,Прочие,2022
602,KBSB,59.0,"ПАО ГК ""ТНС энерго""",2023
603,KBSB,14.1,"ПАО ""ТНС энерго Марий Эл""",2023
604,KBSB,11.7,Прочие,2023
605,KBSB,11.2,"ООО ""ТНС энерго Пенза""",2023
606,KBSB,2.2,ПАО «ТНС энерго Ростов-на-Дону»,2023
607,KBSB,1.8,ПАО «ТНС энерго Воронеж»,2023
608,EELT,41.0,Дубенок Сергей Николаевич,2023
609,EELT,41.0,Каленков Илья Анатольевич,2023
610,EELT,9.5,"ООО «Европейская Электротехника""",2023
611,EELT,8.5,Прочие,2023
612,ABIO,44.6,Исаев Артур Александрович,2023
613,ABIO,41.6,Прочие,2023
614,ABIO,11.9,ООО «ИСКЧ Венчурс»,2023
615,ABIO,1.1,Приходько Александр Викторович,2023
616,ABIO,0.5,Киселев Сергей Львович,2023
617,ABIO,0.3,Деев Роман Вадимович,2023
618,ZILL,81.2,Департамент городского имущества города Москвы,2023
619,ZILL,18.8,Прочие,2023
620,MRKZ,100.0,Прочие,2023
621,RZSB,90.5,"АО ""ЭСК РусГидро""",2023
622,RZSB,9.5,Прочие,2023
623,NSVZ,28.5,Бейрит Константин Александрович,2023
624,NSVZ,24.5,Лаунер Геннадий Альфредович,2023
625,NSVZ,24.4,Васильев Сергей Анатольевич,2023
626,NSVZ,22.6,Прочие,2023
627,BISV,100.0,ПАО «Ростелеком»,2021
628,BISV,0.0,Прочие,2021
629,YKEN,43.3,ПАО «РусГидро»,2023
630,YKEN,39.8,АО «РАО Энергетические системы Востока»,2023
631,YKEN,16.9,Прочие,2023
632,OKEY,34.5,Dmitriy Troitskiy,2022
633,OKEY,34.1,Boris Volchek,2022
634,OKEY,19.1,Прочие,2022
635,OKEY,12.3,Dmitriy Korzhev,2022
636,NAUK,93.4,АО  «Группа компаний Наука»,2022
637,NAUK,6.3,Прочие,2022
638,NAUK,0.2,Смолко Владимир Викторович,2022
639,NAUK,0.1,Белькович Владимир Александрович,2022
640,RBCM,72.2,"АО ""СОТОЛ ПРОЕКТ""",2021
641,RBCM,23.8,Прочие,2021
642,RBCM,4.0,HALVERSTON HOLDINGS LIMITED,2021
643,KGKC,82.0,Фонд развития электроэнергетики,2023
644,KGKC,18.0,Прочие,2023
645,KLVZ,100.0,Победкин Павел Викторович,2023
646,KLVZ,0.0,Прочие,2023
647,VGSB,31.8,Прочие,2023
648,VGSB,23.4,ООО «Грайс»,2023
649,VGSB,22.7,ООО «Волга-М»,2023
650,VGSB,22.1,SUAREZ LIMITED,2023
651,ZVEZ,25.0,Збар Лев Исаакович,2018
652,ZVEZ,25.0,"АО ""Синара-Транспортные Машины""",2018
653,ZVEZ,21.9,Коркин Михаил Валерьвич,2018
654,ZVEZ,19.5,Минина Кристина Юрьевна,2018
655,ZVEZ,8.6,Прочие,2018
656,KMEZ,82.1,Акционерное общество «ТВЭЛ»,2022
657,KMEZ,14.7,Акционерное общество «Инжиниринговый центр «Русская газовая центрифуга»,2022
658,KMEZ,3.2,Прочие,2022
659,SLEN,82.3,АО «РАО Энергетические системы Востока»,2023
660,SLEN,10.0,Прочие,2023
661,SLEN,7.7,АО «Сахалинская ГРЭС-2»,2023
662,CARM,62.7,Прочие,2023
663,CARM,22.4,АО «ААА Управление Капиталом»,2023
664,CARM,14.0,Зиновьев Антон Валерьевич,2023
665,CARM,0.5,Калугина Анна Александровна,2023
666,CARM,0.2,Тильдиков Александр Витальевич,2023
667,CARM,0.1,Яшина Елена Борисовна,2023
668,CARM,0.1,Бородкина Татьяна Ивановна,2023
669,PRFN,83.0,"ООО ""Стальконструкция""",2023
670,PRFN,12.6,Прочие,2023
671,PRFN,4.4,Свеженцев Игорь Николаквич,2023
672,NKSH,82.9,ООО «Татшина»,2023
673,NKSH,16.8,Прочие,2023
674,NKSH,0.3,ООО «Торговый дом «Кама»,2023
675,UNKL,84.1,"ПАО ""Мечел""",2022
676,UNKL,15.9,Прочие,2022
677,RDRB,40.9,Прочие,2022
678,RDRB,14.2,Дорган Валерий Викторович,2022
679,RDRB,11.8,Артюхова Людмила Георгиевна,2022
680,RDRB,10.0,ООО «Альвита»,2022
681,RDRB,6.5,Корбачка Петер ,2022
682,RDRB,6.2,ООО «СК «АКВАКОЛОР»,2022
683,RDRB,5.3,ООО «Автовеста»,2022
684,RDRB,5.1,Артюхов Виталий Григорьевич,2022
685,RTGZ,75.0,"АО ""Газпром газораспределение""",2023
686,RTGZ,25.0,Прочие,2023
687,NFAZ,50.0,"ПАО ""КАМАЗ""",2021
688,NFAZ,28.5,"АО ""Региональный фонд""",2021
689,NFAZ,21.5,Прочие,2021
690,CHGZ,73.3,ООО «РН-Ресурс»,2021
691,CHGZ,17.2,TOC Investments Corporation Limited,2021
692,CHGZ,9.5,Прочие,2021
693,TASB,67.9,ПАО «Интер РАО ЕЭС»,2023
694,TASB,22.5,ООО «Актив-Энергия»,2023
695,TASB,9.6,Прочие,2023
696,GECO,75.0,ПАО «Артген биотех»,2023
697,GECO,25.0,Прочие,2023
698,SARE,74.5,ПАО «Интер РАО ЕЭС»,2023
699,SARE,25.5,Прочие,2023
700,TORS,94.6,ПАО «Россети»,2022
701,TORS,5.4,Прочие,2022
702,CNTL,60.0,"ПАО ""Ростелеком""",2023
703,CNTL,40.0,Прочие,2023
704,STSB,78.9,Прочие,2022
705,STSB,21.1,Сантредо Лтд. (Santredo Ltd.).,2022
706,MAGE,64.4,АО «РАО Энергетические системы Востока»,2023
707,MAGE,35.6,Прочие,2023
708,KLSB,67.6,АО «КГЭК»,2023
709,KLSB,17.9,ООО «КСК-ИНВЕСТ»,2023
710,KLSB,14.5,Прочие,2023
711,TUZA,51.8,"ПАО ""КАМАЗ""",2021
712,TUZA,48.2,Прочие,2021
713,ROST,45.8,"""РИГ РЕСТОРАНТС ЛИМИТЕД"" ",2023
714,ROST,27.8,НИКОРС ЛИМИТЕД,2023
715,ROST,26.2,Прочие,2023
716,ROST,0.2,CLARSFIELD LIMITED,2023
717,GEMA,82.5,"ПАО ""Аргент биотех""",2023
718,GEMA,13.3,Прочие,2023
719,GEMA,4.2,Исаев Артур Александрович,2023
720,MGKL,58.3,Прочие,2023
721,MGKL,23.3,Романов Игорь Владимирович,2023
722,MGKL,16.5,Лазутин Алексей Александрович,2023
723,MGKL,1.9,Потехина Мария Сергеевна,2023
724,HMSG,71.5,АО «ГМС Холдинг»,2022
725,HMSG,28.5,BNY (NOMINEES) Limited,2022
726,HMSG,0.0,Прочие,2022
727,LVHK,56.0,Епифанов Антон Валерьевич,2022
728,LVHK,22.4,Moongate United S.A.,2022
729,LVHK,13.2,ООО «Левенгук»,2022
730,LVHK,4.2,Прочие,2022
731,LVHK,4.2,Иванов Александр Владимирович,2022
732,ASSB,60.2,Прочие,2023
733,ASSB,20.4,ООО «Марс Энерго»,2023
734,ASSB,19.4,ООО «Гарант- сервис»,2023
735,DZRD,44.0,"ООО ""РТ-Капитал""",2022
736,DZRD,35.2,Прочие,2022
737,DZRD,20.8,Паньков Алексей Алексеевич,2022
738,LIFE,75.0,Прочие,2023
739,LIFE,25.0,"АО ""РОСНАНО""",2023
740,ARSA,27.9,Прочие,2023
741,ARSA,27.9,Соловьев Василий Евгеньевич,2023
742,ARSA,11.4,Капранов Игорь Эдуардович,2023
743,ARSA,10.0,Герасимов Михаил Владимирович,2023
744,ARSA,8.6,Сизиков Алексей Викторович,2023
745,ARSA,7.3,Лебедев Павел Валентинович,2023
746,ARSA,6.4,Капранов Эдуард Николаевич,2023
747,ARSA,0.3,Астапов Алексей Юрьевич,2023
748,ARSA,0.2,Чистилин Евгений Андреевич,2023
749,DIOD,51.4,Прочие,2023
750,DIOD,15.3,Тихонов  Владимир Петрович,2023
751,DIOD,14.8,Чернышков Эдуард Анатольевич,2023
752,DIOD,11.4,Козлов Владимир Александрович,2023
753,DIOD,7.1,Юкельсон Яков Сергеевич,2023
754,VLHZ,79.7,Киселев Андрей Андреевич,2023
755,VLHZ,20.3,Прочие,2023
756,KUZB,28.0,Дралин Михаил Александрович,2023
757,KUZB,25.1,Прочие,2023
758,KUZB,25.1,Ларюшкин Николай Иванович,2023
759,KUZB,21.3,Есяков Сергей Яковлевич,2023
760,KUZB,0.5,Голяев Евгений Викторович,2023
761,MRSB,84.0,ООО «ЭнергоИнвест»,2023
762,MRSB,16.0,Прочие,2023
763,SVET,72.9,Догаев Артём Викторович,2022
764,SVET,27.1,Прочие,2022
765,ELTZ,77.6,ОАО  «Уральская горно-металлургическая компания»  ,2023
766,ELTZ,22.4,Прочие,2023
